t,OF,Pcc,Tcc,Pe,Te,thrust,Isp,x,y,u,v,Ax,Ay,m_ox,n_ox,T_ox,P_ox,mdot_ox,rho_ox,m_f,n_f,T_f,P_f,mdot_f,rho_f,t_burn,Pcc_nominal,mdot_ox_nominal,OF_nominal,diameter,injector_Cd,dt,gamma,specific_gas_const,gas_const,
0,2.968147994,346.4473947,2749.197441,85005.33514,1424.270846,2083.366515,0,0,0,0,0,2.162577178,31.45883074,7,0.159043919,278,3778583.219,0.791506132,882.4013049,2.33,0.050575212,298,3619747.425,0.266666667,788.4091603,8.4,350,0.8,3,0.1524,0.4,0.083168317,1.2609,405.2079837,0.020519,
0.084848485,2.968147994,346.4473947,2749.197441,85005.33514,1424.270846,2083.366515,228.2018402,0.022437719,0.326399632,0.179857904,2.616378002,2.162577178,31.45883074,6.928634596,0.157422457,277.9292867,3778583.219,0.791506132,884.3324869,2.307821782,0.050575212,298,3619747.425,0.266666667,788.4091603,,,,,,,,,,,
0.16969697,2.97202474,346.8612774,2751.277727,85125.65022,1425.876148,2086.267348,228.2506149,0.059864648,0.870985414,0.359962149,5.237456475,2.165539138,31.5153483,6.857197013,0.155799355,277.8580825,3781557.786,0.792539931,884.7990237,2.285643564,0.050575212,298,3619747.425,0.266666667,788.4091603,,,,,,,,,,,
0.254545455,2.972959907,346.9610988,2751.782171,85154.74561,1426.265866,2086.984313,228.2624362,0.112276949,1.633684073,0.540117727,7.859514425,2.166156348,31.52712536,6.785758123,0.154176223,277.7864646,3781821.229,0.792789309,885.242054,2.263465347,0.050575212,298,3619747.425,0.266666667,788.4091603,,,,,,,,,,,
0.339393939,2.976098536,347.2960716,2753.464979,85252.19426,1427.567111,2089.350604,228.3018527,0.179695924,2.614902117,0.720461187,10.48515739,2.168415412,31.57023087,6.714265138,0.152551863,277.7143656,3784111.249,0.793626276,885.7058333,2.241287129,0.050575212,298,3619747.425,0.266666667,788.4091603,,,,,,,,,,,
0.424242424,2.977146359,347.4078844,2754.02691,85284.78313,1428.002044,2090.16634,228.3150087,0.262119804,3.814605778,0.900853087,13.11172466,2.168997856,31.58134457,6.642768444,0.150927418,277.6418394,3784472.2,0.793905696,886.1535601,2.219108911,0.050575212,298,3619747.425,0.266666667,788.4091603,,,,,,,,,,,
0.509090909,2.979890824,347.7007048,2755.491461,85370.03831,1429.136596,2092.253071,228.3492772,0.359565615,5.233119925,1.081397612,15.74120416,2.170832974,31.61636071,6.571227458,0.149301967,277.568832,3786393.595,0.794637553,886.6176175,2.196930693,0.050575212,298,3619747.425,0.266666667,788.4091603,,,,,,,,,,,
0.593939394,2.981003422,347.8193967,2756.083955,85404.40698,1429.596005,2093.13098,228.3631371,0.472035358,6.870422263,1.262009048,18.37147568,2.171637508,31.62588374,6.499681518,0.147676403,277.4953851,3786807.968,0.794934246,887.0696693,2.174752475,0.050575212,298,3619747.425,0.266666667,788.4091603,,,,,,,,,,,
0.678787879,2.980922205,347.8107327,2756.041298,85402.05338,1429.562896,2093.12853,228.3621389,0.599523187,8.726383836,1.442595929,21.00097752,2.171342251,31.61662921,6.428159403,0.14605138,277.421528,3786119.486,0.794912588,887.513335,2.152574257,0.050575212,298,3619747.425,0.266666667,788.4091603,,,,,,,,,,,
0.763636364,2.982305602,347.9583009,2756.78262,85444.90998,1430.138051,2094.224759,228.3794764,0.742037101,10.80115263,1.623238743,23.63140906,2.172014792,31.62780786,6.356626114,0.144426104,277.347213,3786777.765,0.795281494,887.9711452,2.13039604,0.050575212,298,3619747.425,0.266666667,788.4091603,,,,,,,,,,,
0.848484848,2.982615761,347.9913837,2756.947869,85454.52175,1430.266299,2094.528493,228.3833402,0.899572433,13.09462929,1.803862799,26.26135401,2.171789238,31.62195704,6.285107532,0.142801162,277.2724661,3786444.488,0.795364203,888.4217386,2.108217822,0.050575212,298,3619747.425,0.266666667,788.4091603,,,,,,,,,,,
0.933333333,2.984120187,348.1518416,2757.747055,85501.35926,1430.886722,2095.729453,228.4020215,1.072136164,15.60694405,1.984536559,28.89218074,2.172386882,31.63255954,6.213575172,0.141175906,277.1972469,3787208.275,0.795765383,888.8841959,2.086039604,0.050575212,298,3619747.425,0.266666667,788.4091603,,,,,,,,,,,
1.018181818,2.984660987,348.2095175,2758.034566,85518.23259,1431.110025,2096.220485,228.4087406,1.259724143,18.33801062,2.165193606,31.52260973,2.172185916,31.6277771,6.142052279,0.139550866,277.121578,3787081.582,0.795909597,889.3404833,2.063861386,0.050575212,298,3619747.425,0.266666667,788.4091603,,,,,,,,,,,
1.103030303,2.986211239,348.374838,2758.859161,85566.30828,1431.750852,2097.47067,228.4280082,1.462342216,21.28793835,2.345891946,34.15378268,2.172682425,31.63672245,6.070514822,0.137925495,277.0454238,3787881.374,0.796322997,889.8070887,2.041683168,0.050575212,298,3619747.425,0.266666667,788.4091603,,,,,,,,,,,
1.187878788,2.986891288,348.4473533,2759.220623,85587.30748,1432.031923,2098.080148,228.4364524,1.679986278,24.45664379,2.52657114,36.78453466,2.172452221,31.63166068,5.998983801,0.13630027,276.9688044,3787876.778,0.796504344,890.2684159,2.01950495,0.050575212,298,3619747.425,0.266666667,788.4091603,,,,,,,,,,,
1.272727273,2.986845137,348.4424322,2759.199319,85585.88483,1432.015395,2098.157476,228.4359555,1.912648128,27.84396907,2.707178227,39.41388087,2.171585203,31.61475803,5.927476741,0.13467559,276.891736,3787201.019,0.796492037,890.7256111,1.997326733,0.050575212,298,3619747.425,0.266666667,788.4091603,,,,,,,,,,,
1.357575758,2.987706103,348.5342342,2759.656294,85612.67553,1432.370807,2098.917325,228.4466284,2.160328314,31.44992411,2.887765665,42.04283797,2.171348962,31.61007936,5.855972078,0.133050964,276.8141855,3787357.278,0.796721627,891.1921872,1.975148515,0.050575212,298,3619747.425,0.266666667,788.4091603,,,,,,,,,,,
1.442424242,2.987883298,348.5531272,2759.746644,85618.17112,1432.44105,2099.174623,228.4487376,2.423019145,35.27435984,3.068284895,44.67047049,2.170528841,31.59415293,5.78448632,0.131426768,276.7361676,3786881.609,0.796768879,891.6550969,1.952970297,0.050575212,298,3619747.425,0.266666667,788.4091603,,,,,,,,,,,
1.527272727,2.988853119,348.6565279,2760.261706,85648.44939,1432.841827,2100.031153,228.4607641,2.700720902,39.31727587,3.248783654,47.29765832,2.170282686,31.58880603,5.713000662,0.129802573,276.6576521,3787131.973,0.797027498,892.1264663,1.930792079,0.050575212,298,3619747.425,0.266666667,788.4091603,,,,,,,,,,,
1.612121212,2.989180598,348.6914414,2760.436772,85658.41253,1432.978162,2100.416083,228.4648525,2.993426154,43.57852495,3.429216016,49.92351765,2.169484363,31.57283243,5.641530619,0.128178734,276.5786524,3786788.677,0.797114826,892.5946151,1.908613861,0.050575212,298,3619747.425,0.266666667,788.4091603,,,,,,,,,,,
1.696969697,2.990211949,348.8013916,2760.983176,85690.46261,1433.403609,2101.332951,228.4776075,3.301134322,48.05808763,3.609621608,52.5487782,2.169162476,31.56563282,5.57005953,0.126554871,276.4991404,3787089.312,0.797389853,893.0705209,1.886435644,0.050575212,298,3619747.425,0.266666667,788.4091603,,,,,,,,,,,
1.781818182,2.990639494,348.8469688,2761.211179,85703.86292,1433.581195,2101.808474,228.4829289,3.623837642,52.75580736,3.789956034,55.1725842,2.168306785,31.5481436,5.498601983,0.124931315,276.4191283,3786831.861,0.797503865,893.5436201,1.864257426,0.050575212,298,3619747.425,0.266666667,788.4091603,,,,,,,,,,,
1.866666667,2.991699973,348.9600122,2761.772925,85736.80228,1434.018896,2102.762132,228.4960379,3.961534765,57.67164725,3.970255935,57.79560968,2.167891663,31.53875876,5.427143031,0.123307728,276.3385897,3787152.746,0.79778666,894.0239257,1.842079208,0.050575212,298,3619747.425,0.266666667,788.4091603,,,,,,,,,,,
1.951515152,2.992191755,349.0124313,2762.03245,85751.97255,1434.221197,2103.299391,228.5020933,4.314217651,62.80544249,4.150479877,60.417054,2.16697835,31.51974718,5.35569642,0.121684421,276.2575355,3786947.938,0.797917801,894.5018047,1.81990099,0.050575212,298,3619747.425,0.266666667,788.4091603,,,,,,,,,,,
2.036363636,2.992177184,349.0108783,2762.027158,85751.67795,1434.217069,2103.468659,228.5019698,4.681875432,68.15697183,4.330591372,63.03619762,2.165626307,31.49208398,5.284274393,0.120061673,276.1759753,3786275.259,0.797913916,894.977734,1.797722772,0.050575212,298,3619747.425,0.266666667,788.4091603,,,,,,,,,,,
2.121212121,2.992753485,349.0723041,2762.328979,85769.45113,1434.452369,2104.083272,228.5090109,5.064503035,73.7261213,4.510624735,65.65366082,2.164686869,31.47187889,5.212863018,0.118439166,276.0938833,3786142.037,0.798067596,895.4605044,1.775544554,0.050575212,298,3619747.425,0.266666667,788.4091603,,,,,,,,,,,
2.206060606,2.992844129,349.0819652,2762.376646,85772.34783,1434.489517,2104.345039,228.5101225,5.462089566,79.5126646,4.690544729,68.26874995,2.163323735,31.44333367,5.141474043,0.116817169,276.011268,3785560.131,0.798091768,895.9415898,1.753366337,0.050575212,298,3619747.425,0.266666667,788.4091603,,,,,,,,,,,
2.290909091,2.993473213,349.1490136,2762.710056,85791.89028,1434.749551,2105.015102,228.5178997,5.874629463,85.51647412,4.870382332,70.88202471,2.162333091,31.4215179,5.070094802,0.115195392,275.928105,3785469.036,0.798259524,896.4291347,1.731188119,0.050575212,298,3619747.425,0.266666667,788.4091603,,,,,,,,,,,
2.375757576,2.993636639,349.1664312,2762.799934,85796.89934,1434.819719,2105.346367,228.5199971,6.302111619,91.73731531,5.050103459,73.49281454,2.160932593,31.3916397,4.998736565,0.113574093,275.8444019,3784947.784,0.798303104,896.91525,1.709009901,0.050575212,298,3619747.425,0.266666667,788.4091603,,,,,,,,,,,
2.460606061,2.994294421,349.236534,2763.143854,85817.52319,1435.087949,2106.052206,228.5280163,6.744529845,98.17504453,5.229736137,76.10162482,2.159869106,31.36783782,4.927387734,0.111953008,275.7601351,3784876.457,0.798478512,897.4075145,1.686831683,0.050575212,298,3619747.425,0.266666667,788.4091603,,,,,,,,,,,
2.545454545,2.99450548,349.2590269,2763.260099,85824.00618,1435.178738,2106.434021,228.5307284,7.201872685,104.8294165,5.409247516,78.70780911,2.158410633,31.33626345,4.856059126,0.110332382,275.6753116,3784392.513,0.798534795,897.8985936,1.664653465,0.050575212,298,3619747.425,0.266666667,788.4091603,,,,,,,,,,,
2.63030303,2.99517326,349.3301907,2763.609037,85844.68172,1435.451051,2107.161315,228.5388641,7.674133239,111.7002701,5.588663133,81.31182646,2.157259198,31.31020863,4.784740055,0.108711973,275.5899084,3784323.596,0.798712869,898.3955672,1.642475248,0.050575212,298,3619747.425,0.266666667,788.4091603,,,,,,,,,,,
2.715151515,2.995412044,349.3556366,2763.735896,85852.24507,1435.550063,2107.57827,228.5418214,8.161299592,118.7873474,5.767951335,83.91305348,2.15572719,31.27665831,4.713440915,0.107092016,275.5039318,3783858.478,0.798776545,898.8915882,1.62029703,0.050575212,298,3619747.425,0.266666667,788.4091603,,,,,,,,,,,
2.8,2.996075001,349.4262818,2764.089776,85872.72731,1435.82646,2108.318239,228.5500726,8.663364075,126.0904687,5.947135589,86.51191056,2.15447734,31.24816247,4.642151807,0.105472288,275.4173592,3783778.21,0.798953334,899.3932936,1.598118812,0.050575212,298,3619747.425,0.266666667,788.4091603,,,,,,,,,,,
2.884848485,2.996325444,349.4529682,2764.221834,85880.58621,1435.929578,2108.758143,228.5531506,9.180314226,133.6093616,6.126185289,89.10779425,2.152859492,31.21241099,4.570882734,0.103853015,275.3301963,3783317.005,0.799020118,899.8942684,1.575940594,0.050575212,298,3619747.425,0.266666667,788.4091603,,,,,,,,,,,
2.96969697,2.996971593,349.5218178,2764.559792,85900.67665,1436.193535,2109.499056,228.5610269,9.712141549,141.3438269,6.305122051,91.70109008,2.151501541,31.18129513,4.499624489,0.102233987,275.242421,3783214.253,0.799192425,900.4007537,1.553762376,0.050575212,298,3619747.425,0.266666667,788.4091603,,,,,,,,,,,
3.054545455,2.997220491,349.5483379,2764.691709,85908.29124,1436.296639,2109.951973,228.564102,10.25883295,149.2935763,6.483916191,94.29121208,2.149786681,31.14313358,4.428386709,0.100615425,275.154038,3782744.706,0.799258798,900.9067204,1.531584158,0.050575212,298,3619747.425,0.266666667,788.4091603,,,,,,,,,,,
3.139393939,2.997839953,349.6143397,2765.018859,85927.54902,1436.552304,2110.688279,228.5717258,10.82037908,157.4583907,6.6625879,96.87851887,2.148314594,31.10928402,4.357160797,0.098997133,275.0650257,3782610.293,0.799423988,901.418054,1.509405941,0.050575212,298,3619747.425,0.266666667,788.4091603,,,,,,,,,,,
3.224242424,2.99807627,349.6395177,2765.145489,85935.11474,1436.651259,2111.147595,228.574676,11.3967662,165.8379653,6.841108603,99.46244545,2.146498929,31.06864104,4.285956058,0.097379321,274.9753881,3782122.161,0.799487005,901.929072,1.487227723,0.050575212,298,3619747.425,0.266666667,788.4091603,,,,,,,,,,,
3.309090909,2.998660751,349.7017884,2765.451374,85953.19515,1436.890385,2111.871415,228.5818027,11.98798407,174.4320598,7.01949685,102.0433193,2.144906307,31.03193605,4.214764438,0.095761808,274.8851037,3781948.38,0.799642867,902.4453389,1.465049505,0.050575212,298,3619747.425,0.266666667,788.4091603,,,,,,,,,,,
3.393939394,2.998875104,349.724625,2765.567336,85959.92676,1436.981084,2112.32852,228.5845047,12.5940182,183.2403521,7.197724948,104.6205921,2.142980696,30.9886373,4.143594933,0.094144797,274.794176,3781432.96,0.799700028,902.9614854,1.442871287,0.050575212,298,3619747.425,0.266666667,788.4091603,,,,,,,,,,,
3.478787879,2.999417507,349.7824095,2765.85193,85976.58426,1437.203685,2113.03521,228.5911349,13.21485746,192.2625808,7.375810312,107.1945698,2.141264505,30.94901733,4.07243998,0.092528116,274.7025835,3781213.22,0.799844669,903.4827847,1.420693069,0.050575212,298,3619747.425,0.266666667,788.4091603,,,,,,,,,,,
3.563636364,2.999601791,349.8020414,2765.946833,85982.38217,1437.277874,2113.48304,228.5933447,13.8504866,201.4984048,7.553725882,109.7647159,2.139222919,30.90294657,4.001308288,0.090911964,274.610329,3780662.997,0.799893811,904.0041519,1.398514851,0.050575212,298,3619747.425,0.266666667,788.4091603,,,,,,,,,,,
3.648484848,3.000095937,349.8546822,2766.210235,85997.86155,1437.483955,2114.169886,228.59948,14.50089355,210.9475415,7.731488168,112.331319,2.137379874,30.86034698,3.930192742,0.089296179,274.5173911,3780391.564,0.800025583,904.5305951,1.376336634,0.050575212,298,3619747.425,0.266666667,788.4091603,,,,,,,,,,,
3.733333333,3.000243035,349.870352,2766.283981,86002.23517,1437.541652,2114.603057,228.6011975,15.16606228,220.609631,7.909070785,114.8938554,2.135219552,30.81144994,3.859101786,0.087680953,274.4237719,3779799.949,0.800064809,905.0572888,1.354158416,0.050575212,298,3619747.425,0.266666667,788.4091603,,,,,,,,,,,
3.818181818,3.000683445,349.9172662,2766.5157,86015.94629,1437.722977,2115.26296,228.6065938,15.84597976,230.4843684,8.08648911,117.4525922,2.133244148,30.76576418,3.788028711,0.086066133,274.32945,3779471.745,0.800182252,905.5889986,1.331980198,0.050575212,298,3619747.425,0.266666667,788.4091603,,,,,,,,,,,
3.903030303,3.000787016,349.9282987,2766.573573,86019.19029,1437.76831,2115.679952,228.6079422,16.54062917,240.5713747,8.263717812,120.0070257,2.130964162,30.7140213,3.716981721,0.084451906,274.2344267,3778832.874,0.800209871,906.1211367,1.30980198,0.050575212,298,3619747.425,0.266666667,788.4091603,,,,,,,,,,,
3.987878788,3.001168747,349.9689607,2766.773649,86031.13274,1437.924889,2116.310131,228.6126006,17.24999652,250.8703229,8.440771246,122.5574033,2.128856764,30.66525487,3.645954477,0.082838127,274.1386806,3778443.329,0.800311666,906.6582461,1.287623762,0.050575212,298,3619747.425,0.266666667,788.4091603,,,,,,,,,,,
4.072727273,3.001223048,349.9747448,2766.800008,86032.85256,1437.945487,2116.703122,228.6132138,17.97406414,261.380814,8.617624516,125.1032297,2.126450028,30.61053087,3.574954962,0.081224978,274.0422125,3777751.907,0.800326146,907.1959579,1.265445545,0.050575212,298,3619747.425,0.266666667,788.4091603,,,,,,,,,,,
4.157575758,3.001541565,350.0086722,2766.968415,86042.78078,1438.077335,2117.300285,228.617135,18.71281708,272.1024986,8.794291287,127.6447391,2.124207604,30.55862499,3.50397718,0.079612323,273.9450006,3777296.839,0.800411084,907.7386099,1.243267327,0.050575212,298,3619747.425,0.266666667,788.4091603,,,,,,,,,,,
4.242424242,3.002105145,350.0687008,2767.268264,86060.32845,1438.31217,2118.087243,228.6241167,19.46624137,283.035044,8.970783798,130.1821415,2.12211233,30.509244,3.433015606,0.078000036,273.8470236,3777060.269,0.800561372,908.2861439,1.221089109,0.050575212,298,3619747.425,0.266666667,788.4091603,,,,,,,,,,,
4.327272727,3.00234221,350.0939507,2767.389272,86067.603,1438.406915,2118.636116,228.6269332,20.23431937,294.1780467,9.147077034,132.7149419,2.119716292,30.45390941,3.362078209,0.076388299,273.7482812,3776522.666,0.800624589,908.8344929,1.198910891,0.050575212,298,3619747.425,0.266666667,788.4091603,,,,,,,,,,,
4.412121212,3.002813195,350.1441141,2767.636422,86082.20248,1438.600516,2119.366701,228.6326864,21.01703597,305.5311485,9.323182523,135.2433362,2.117458862,30.4009314,3.29115974,0.074776992,273.6487518,3776193.217,0.800750185,909.3877198,1.176732673,0.050575212,298,3619747.425,0.266666667,788.4091603,,,,,,,,,,,
4.496969697,3.002966622,350.1604549,2767.720477,86086.92228,1438.666425,2119.868561,228.6346439,21.81437256,317.0939236,9.499076336,137.7668495,2.114913705,30.3422433,3.220267959,0.073166291,273.5484345,3775571.091,0.800791099,909.9419378,1.154554455,0.050575212,298,3619747.425,0.266666667,788.4091603,,,,,,,,,,,
4.581818182,3.003343497,350.2005931,2767.915067,86098.81801,1438.818806,2120.54254,228.6391714,22.62631288,328.865989,9.674769295,140.2856641,2.112498666,30.28574621,3.149397877,0.071556083,273.4473072,3775147.39,0.800891599,910.5010401,1.132376238,0.050575212,298,3619747.425,0.266666667,788.4091603,,,,,,,,,,,
4.666666667,3.003928164,350.2628596,2768.225048,86116.9595,1439.061787,2121.37858,228.6463862,23.45284148,340.8469748,9.850271422,142.7999489,2.110204149,30.23128253,3.078544887,0.069946263,273.3453478,3774907.519,0.80104751,911.0649996,1.11019802,0.050575212,298,3619747.425,0.266666667,788.4091603,,,,,,,,,,,
4.751515152,3.004197193,350.2915101,2768.366901,86125.41575,1439.172968,2121.986255,228.649687,24.29393947,353.0364446,10.02555846,145.3092248,2.107617925,30.17105533,3.007716717,0.068337008,273.2425546,3774376.757,0.801119252,911.6301798,1.088019802,0.050575212,298,3619747.425,0.266666667,788.4091603,,,,,,,,,,,
4.836363636,3.004665403,350.3413711,2768.613677,86139.77323,1439.366498,2122.747972,228.6554301,25.14959014,365.4340016,10.20063994,147.8136511,2.105146441,30.1127444,2.936908977,0.066728216,273.1389049,3774021.835,0.801244108,912.2002447,1.065841584,0.050575212,298,3619747.425,0.266666667,788.4091603,,,,,,,,,,,
4.921212121,3.004826105,350.3584843,2768.697687,86144.73933,1439.432374,2123.287646,228.6573848,26.01977346,378.0391844,10.37549233,150.3127615,2.10239181,30.04882794,2.866129206,0.06512006,273.0343962,3773383.618,0.801286961,912.7717086,1.043663366,0.050575212,298,3619747.425,0.266666667,788.4091603,,,,,,,,,,,
5.006060606,3.005177741,350.3959295,2768.881478,86155.80227,1439.576466,2123.976273,228.6616601,26.90447149,390.8515691,10.55012453,152.806703,2.099744311,29.98667752,2.795373221,0.063512445,272.9290055,3772913.584,0.801380731,913.3480936,1.021485149,0.050575212,298,3619747.425,0.266666667,788.4091603,,,,,,,,,,,
5.090909091,3.005707177,350.4523065,2769.159612,86172.1772,1439.794651,2124.803283,228.6681308,27.80366696,403.8707431,10.72454487,155.295613,2.097196901,29.92617916,2.724637165,0.061905282,272.8227095,3772599.476,0.801521914,913.9293974,0.999306931,0.050575212,298,3619747.425,0.266666667,788.4091603,,,,,,,,,,,
5.175757576,3.005931225,350.4761636,2769.275081,86179.15975,1439.885207,2125.409282,228.6708162,28.71733931,417.09623,10.89872985,157.7790277,2.094367027,29.86010526,2.653928539,0.060298742,272.7155046,3772004.071,0.80158166,914.512346,0.977128713,0.050575212,298,3619747.425,0.266666667,788.4091603,,,,,,,,,,,
5.260606061,3.006326096,350.5182093,2769.484879,86191.45442,1440.049852,2126.149827,228.6756967,29.64546994,430.5275883,11.07268718,160.2570721,2.091629767,29.79553457,2.583243664,0.058692742,272.6073668,3771558.121,0.801686959,915.1002679,0.954950495,0.050575212,298,3619747.425,0.266666667,788.4091603,,,,,,,,,,,
5.345454545,3.006879973,350.5771839,2769.773335,86208.66713,1440.276209,2127.013916,228.682405,30.58804075,444.1643852,11.24642367,162.729856,2.088974484,29.73228231,2.512579153,0.057087205,272.4982723,3771250.599,0.801834659,915.6931747,0.932772277,0.050575212,298,3619747.425,0.266666667,788.4091603,,,,,,,,,,,
5.43030303,3.007130947,350.6039058,2769.904427,86216.53605,1440.379088,2127.659511,228.6854532,31.54503054,458.0061269,11.41991648,165.196929,2.086044574,29.66361608,2.441942464,0.0554823,272.388216,3770664.12,0.801901586,916.2879855,0.910594059,0.050575212,298,3619747.425,0.266666667,788.4091603,,,,,,,,,,,
5.515151515,3.007534912,350.646916,2770.114115,86229.07776,1440.543685,2128.424607,228.6903289,32.51641982,472.0523509,11.59317197,167.6583913,2.083190945,29.59615284,2.371330365,0.053877953,272.2771733,3770210.494,0.80200931,916.8878528,0.888415842,0.050575212,298,3619747.425,0.266666667,788.4091603,,,,,,,,,,,
5.6,3.008081138,350.7050707,2770.402273,86246.04765,1440.76999,2129.30266,228.6970295,33.50218962,486.3026027,11.76619621,170.1143391,2.080410538,29.52984875,2.300739894,0.052274098,272.1651189,3769879.708,0.80215497,917.4928012,0.866237624,0.050575212,298,3619747.425,0.266666667,788.4091603,,,,,,,,,,,
5.684848485,3.008327062,350.7312527,2770.533195,86253.67242,1440.872849,2129.963503,228.700074,34.50231781,500.7563666,11.938966,172.5643161,2.077351032,29.45805771,2.230178462,0.050670903,272.0520467,3769272.424,0.80222055,918.0999264,0.844059406,0.050575212,298,3619747.425,0.266666667,788.4091603,,,,,,,,,,,
5.76969697,3.008709956,350.7720159,2770.732247,86265.62551,1441.029176,2130.731788,228.704701,35.51678399,515.4131579,12.11148735,175.0084167,2.074363821,29.38740008,2.159643244,0.049068304,271.9379306,3768783.08,0.802322655,918.7122208,0.821881188,0.050575212,298,3619747.425,0.266666667,788.4091603,,,,,,,,,,,
5.854545455,3.009219991,350.826313,2770.99925,86281.41693,1441.238969,2131.600735,228.7109079,36.54556807,530.2724969,12.28376504,177.446713,2.071434132,29.31760974,2.089131666,0.047466241,271.8227443,3768402.499,0.802458664,919.3297212,0.79970297,0.050575212,298,3619747.425,0.266666667,788.4091603,,,,,,,,,,,
5.939393939,3.00943226,350.84891,2771.109213,86288.10714,1441.325343,2132.254436,228.7134633,37.58864696,545.3338449,12.45577629,179.8787575,2.068230502,29.24243973,2.018651093,0.045864883,271.7064801,3767747.838,0.802515269,919.9496862,0.777524752,0.050575212,298,3619747.425,0.266666667,788.4091603,,,,,,,,,,,
6.024242424,3.009766913,350.8845346,2771.287138,86298.63555,1441.465186,2133.006148,228.7175989,38.64599913,560.5966916,12.62752616,182.3046269,2.065087716,29.16819157,1.948199079,0.044264174,271.5891104,3767197.543,0.80260451,920.5749619,0.755346535,0.050575212,298,3619747.425,0.266666667,788.4091603,,,,,,,,,,,
6.109090909,3.010214874,350.9322198,2771.517359,86312.3622,1441.646142,2133.845628,228.7229492,39.71760333,576.0605305,12.79901859,184.7243777,2.061992349,29.09462332,1.877773403,0.042664063,271.4706078,3766743.132,0.802723966,921.205597,0.733168317,0.050575212,298,3619747.425,0.266666667,788.4091603,,,,,,,,,,,
6.193939394,3.010767443,350.9910383,2771.810215,86329.63281,1441.87643,2134.771439,228.7297551,40.80343862,591.7248592,12.97025726,187.1380623,2.058941131,29.02168314,1.807372065,0.041064505,271.3509438,3766376.482,0.802871318,921.8416457,0.710990099,0.050575212,298,3619747.425,0.266666667,788.4091603,,,,,,,,,,,
6.278787879,3.011021143,351.0180427,2771.940959,86337.50536,1441.979224,2135.479234,228.7327927,41.90348102,607.5891174,13.1412193,189.5452334,2.055615049,28.94336664,1.737002491,0.039465669,271.2301082,3765734.798,0.802938972,922.4805662,0.688811881,0.050575212,298,3619747.425,0.266666667,788.4091603,,,,,,,,,,,
6.363636364,3.011375483,351.0557586,2772.129137,86348.62636,1442.127243,2136.269123,228.7371652,43.017708,623.6527699,13.31190841,191.9459429,2.052333332,28.86567387,1.666662791,0.037867512,271.1080715,3765177.22,0.803033462,923.1250297,0.666633663,0.050575212,298,3619747.425,0.266666667,788.4091603,,,,,,,,,,,
6.448484848,3.011822325,351.1033191,2772.359104,86362.35564,1442.308137,2137.13137,228.7425078,44.14609719,639.9152835,13.48232728,194.3402248,2.049084063,28.78838967,1.596351287,0.036269995,270.9848036,3764696.143,0.80315262,923.7751021,0.644455446,0.050575212,298,3619747.425,0.266666667,788.4091603,,,,,,,,,,,
6.533333333,3.01235383,351.1598888,2772.636043,86378.98892,1442.526006,2138.063712,228.7489405,45.28862644,656.3761275,13.65247846,196.7281108,2.04586535,28.71148644,1.526066498,0.034673085,270.860274,3764284.248,0.803294355,924.4308542,0.622277228,0.050575212,298,3619747.425,0.266666667,788.4091603,,,,,,,,,,,
6.618181818,3.012585677,351.1845642,2772.761365,86386.32227,1442.624661,2138.780014,228.751852,46.44527062,673.0347144,13.82233902,199.1091539,2.042370979,28.6292093,1.455815901,0.033076952,270.7344693,3763596.684,0.80335618,925.0899264,0.60009901,0.050575212,298,3619747.425,0.266666667,788.4091603,,,,,,,,,,,
6.703030303,3.012898693,351.2178779,2772.923253,86395.96862,1442.752079,2139.56042,228.7556121,47.61600583,689.8904779,13.99191111,201.483378,2.038902507,28.54721734,1.38559812,0.031481565,270.6073575,3762975.099,0.803439652,925.7548343,0.577920792,0.050575212,298,3619747.425,0.266666667,788.4091603,,,,,,,,,,,
6.787878788,3.013285458,351.2590394,2773.126838,86407.97822,1442.912369,2140.40217,228.7603409,48.80080831,706.9428535,14.16119667,203.8508032,2.035457368,28.46546981,1.31541197,0.029886896,270.4789056,3762412.557,0.803542789,926.4256613,0.555742574,0.050575212,298,3619747.425,0.266666667,788.4091603,,,,,,,,,,,
6.872727273,3.013738782,351.307283,2773.36172,86422.006,1443.097299,2141.298048,228.7657954,49.99965443,724.191277,14.33019711,206.2114405,2.032029154,28.3838534,1.245256453,0.028292924,270.3490799,3761902.342,0.803663675,927.1024956,0.533564356,0.050575212,298,3619747.425,0.266666667,788.4091603,,,,,,,,,,,
6.957575758,3.014251695,351.3618662,2773.627869,86438.05228,1443.306861,2142.244248,228.7719748,51.21252053,741.6351834,14.49891298,208.5652851,2.028607474,28.30217933,1.175130753,0.026699629,270.2178456,3761437.947,0.803800452,927.7854312,0.511386139,0.050575212,298,3619747.425,0.266666667,788.4091603,,,,,,,,,,,
7.042424242,3.014817425,351.4220676,2773.925128,86455.62668,1443.541059,2143.235629,228.7788771,52.43938299,759.2740068,14.66734469,210.9123302,2.025190729,28.22042321,1.105034232,0.025106996,270.0851673,3761013.055,0.803951313,928.4745668,0.489207921,0.050575212,298,3619747.425,0.266666667,788.4091603,,,,,,,,,,,
7.127272727,3.015429384,351.4871858,2774.243168,86474.62942,1443.791656,2144.26602,228.7862603,53.68021819,777.1071801,14.83549228,213.2525628,2.021774662,28.1385105,1.034966425,0.023515017,269.9510084,3760621.521,0.804114502,929.1700069,0.467029703,0.050575212,298,3619747.425,0.266666667,788.4091603,,,,,,,,,,,
7.212121212,3.015732518,351.5194409,2774.399535,86483.98359,1443.914888,2145.071827,228.7898899,54.93499957,795.1340801,15.00333231,215.585529,2.018076491,28.05114152,0.964935109,0.021923866,269.8153495,3759945.952,0.804195338,929.8696792,0.444851485,0.050575212,298,3619747.425,0.266666667,788.4091603,,,,,,,,,,,
7.296969697,3.016079115,351.5563199,2774.581901,86494.81541,1444.058651,2145.916345,228.794123,56.20370154,813.3541005,15.17086469,217.9112127,2.014377418,27.96357772,0.894939913,0.020333536,269.6781519,3759301.232,0.804287764,930.5758695,0.422673267,0.050575212,298,3619747.425,0.266666667,788.4091603,,,,,,,,,,,
7.381818182,3.01646277,351.5971409,2774.779901,86506.7795,1444.21472,2146.792782,228.7987179,57.48629843,831.7666321,15.3380887,220.2295859,2.010669661,27.87567843,0.824980635,0.018744022,269.5393759,3758681.384,0.804390072,931.2886968,0.40049505,0.050575212,298,3619747.425,0.266666667,788.4091603,,,,,,,,,,,
7.466666667,3.016877219,351.6412371,2774.9986,86519.68073,1444.38721,2147.698275,228.8037939,58.78276446,850.3710627,15.5050033,222.5406152,2.006949336,27.78737564,0.755057241,0.017155323,269.3989806,3758080.563,0.804500592,932.008286,0.378316832,0.050575212,298,3619747.425,0.266666667,788.4091603,,,,,,,,,,,
7.551515152,3.017316321,351.6879548,2775.227703,86533.41902,1444.567892,2148.626896,228.8091101,60.09307375,869.1667771,15.67160731,224.8442648,2.003214888,27.69864461,0.685169865,0.015567443,269.2569235,3757493.042,0.804617686,932.7347683,0.356138614,0.050575212,298,3619747.425,0.266666667,788.4091603,,,,,,,,,,,
7.636363636,3.017774047,351.7366524,2775.462001,86547.69896,1444.752657,2149.573341,228.8145454,61.41720023,888.1531554,15.83789884,227.1404863,1.999457747,27.60932923,0.615318806,0.013980388,269.1131612,3756913.202,0.804739746,933.4682811,0.333960396,0.050575212,298,3619747.425,0.266666667,788.4091603,,,,,,,,,,,
7.721212121,3.018244467,351.7866988,2775.70656,86562.32535,1444.945622,2150.534925,228.8202193,62.75511761,907.3295725,16.00387541,229.4292199,1.995670643,27.51929728,0.545504524,0.012394168,268.9676485,3756335.518,0.804865191,934.2089686,0.311782178,0.050575212,298,3619747.425,0.266666667,788.4091603,,,,,,,,,,,
7.806060606,3.018721737,351.8374722,2775.956173,86577.00272,1445.142679,2151.506444,228.8260109,64.10679937,926.6953981,16.16953445,231.7104051,1.991852699,27.42853574,0.475727641,0.010808798,268.8203389,3755754.547,0.804992463,934.9569816,0.28960396,0.050575212,298,3619747.425,0.266666667,788.4091603,,,,,,,,,,,
7.890909091,3.019200087,351.8883586,2776.205768,86591.92635,1445.33971,2152.484174,228.8318005,65.47221879,946.2499971,16.33487354,233.9839841,1.98800572,27.33708167,0.40598894,0.009224296,268.6711841,3755164.917,0.805120023,935.7124781,0.267425743,0.050575212,298,3619747.425,0.266666667,788.4091603,,,,,,,,,,,
7.975757576,3.019673808,351.9387508,2776.450151,86606.80066,1445.53261,2153.462986,228.8374676,66.85134873,965.9927253,16.49988833,236.2498637,1.984106445,27.24450409,0.336289366,0.007640683,268.5201343,3754561.317,0.805246349,936.4756236,0.245247525,0.050575212,298,3619747.425,0.266666667,788.4091603,,,,,,,,,,,
8.060606061,3.02013724,351.988047,2776.694328,86621.18496,1445.725503,2154.439617,228.8431313,68.24416187,985.9229343,16.664576,238.5079788,1.980173153,27.15114654,0.266630022,0.006057983,268.3671377,3753938.484,0.805369931,937.2465911,0.223069307,0.050575212,298,3619747.425,0.266666667,788.4091603,,,,,,,,,,,
8.145454545,3.020584763,352.0356491,2776.922983,86635.17404,1445.906054,2155.407862,228.8484324,69.65063037,1006.039965,16.82893157,240.758225,1.976180035,27.05653076,0.197012173,0.004476227,268.2121407,3753291.194,0.80548927,938.0255617,0.200891089,0.050575212,298,3619747.425,0.266666667,788.4091603,,,,,,,,,,,
8.23030303,3.021010779,352.0809622,2777.146253,86648.37734,1446.082496,2156.365775,228.85361,71.07072605,1026.343152,16.99295053,243.0005063,1.972132732,26.96076412,0.127437245,0.002895446,268.0550876,3752614.248,0.805602874,938.8127251,0.178712871,0.050575212,298,3619747.425,0.266666667,788.4091603,,,,,,,,,,,
8.315151515,3.021716657,352.1560396,2777.514808,86670.35087,1446.373792,2157.536568,228.8621551,72.50442291,1046.831867,17.15664878,245.2351078,1.96827668,26.86842213,0.057899789,0.001315516,267.8959019,3752174.491,0.805791108,939.6100827,0.156534653,0.050575212,298,3619747.425,0.266666667,788.4091603,,,,,,,,,,,
8.4,3.022381896,352.2267911,2777.857329,86691.09324,1446.644526,2158.680762,228.8700942,73.95169342,1067.505455,17.32001955,247.4618925,1.964339002,26.77443526,-0.011598244,-0.000263519,267.7345233,3751687.199,0.805968506,940.4160679,0.134356436,0.050575212,298,3619747.425,0.266666667,788.4091603,,,,,,,,,,,
